ten tai khoan,mat khau,
22120181,123,
22120183,123,
22120186,123,
22120188,123,
22120190,123,
22120192,123,
22120196,123,
22120197,123,
22120201,123,
22120204,123,
22120209,123,
22120213,123,
22120215,123,
22120217,123,
22120219,123,
22120222,123,
22120226,123,
22120233,123,
22120238,123,
22120241,123,
22120242,123,
22120243,123,
22120245,123,
22120246,123,
22120248,123,
22120252,123,
22120254,123,
22120258,123,
22120259,123,
22120260,123,
22120089,123,
22120090,123,
22120091,123,
22120092,123,
22120093,123,
22120094,123,
22120095,123,
22120096,123,
22120097,123,
22120098,123,
22120099,123,
22120100,123,
22120101,123,
22120102,123,
22120103,123,
22120104,123,
22120105,123,
22120106,123,
22120107,123,
22120108,123,
22120109,123,
22120110,123,
22120111,123,
22120112,123,
22120113,123,
22120114,123,
22120115,123,
22120116,123,
22120117,123,
22120118,123,
22120119,123,
22120120,123,
22120121,123,
22120122,123,
22120123,123,
22120124,123,
22120125,123,
22120126,123,
22120127,123,
22120128,123,
22120129,123,
22120130,123,
22120132,123,
22120133,123,
22120134,123,
22120135,123,
22120136,123,
22120137,123,
22120138,123,
22120139,123,
22120001,123,
22120002,123,
22120003,123,
22120004,123,
22120006,123,
22120007,123,
22120008,123,
22120009,123,
22120010,123,
22120011,123,
22120013,123,
22120014,123,
22120015,123,
22120016,123,
22120017,123,
22120018,123,
22120019,123,
22120020,123,
22120021,123,
22120022,123,
22120023,123,
22120024,123,
22120026,123,
22120027,123,
22120028,123,
22120029,123,
22120030,123,
22120031,123,
22120032,123,
22120033,123,
22120034,123,
22120035,123,
22120036,123,
22120037,123,
22120040,123,
22120041,123,
22120042,123,
22120043,123,
22120046,123,
22120047,123,
22120048,123,
22120050,123,
22120051,123,
22120052,123,
22120053,123,
22120054,123,
22120056,123,
22120057,123,
22120058,123,
22120059,123,
20120146,123,
20120147,123,
20120148,123,
20120149,123,
20120150,123,
20120151,123,
20120152,123,
20120153,123,
20120154,123,
20120155,123,
20120157,123,
20120158,123,
20120159,123,
20120161,123,
20120165,123,
20120166,123,
20120167,123,
20120168,123,
20120169,123,
20120171,123,
20120172,123,
20120173,123,
20120175,123,
20120176,123,
20120177,123,
20120178,123,
20120180,123,
20120181,123,
20120183,123,
20120184,123,
20120185,123,
20120186,123,
20120187,123,
20120188,123,
20120189,123,
20120191,123,
20120192,123,
20120193,123,
20120194,123,
20120195,123,
20120196,123,
20120197,123,
20120199,123,
20120200,123,
20120201,123,
20120204,123,
20120205,123,
20120206,123,
20120209,123,
20120210,123,
20120278,123,
20120279,123,
20120281,123,
20120283,123,
20120284,123,
20120288,123,
20120289,123,
20120290,123,
20120291,123,
20120292,123,
20120293,123,
20120294,123,
20120295,123,
20120297,123,
20120298,123,
20120299,123,
20120300,123,
20120301,123,
20120302,123,
20120303,123,
20120304,123,
20120305,123,
20120306,123,
20120307,123,
20120308,123,
20120310,123,
20120311,123,
20120312,123,
20120313,123,
20120314,123,
20120316,123,
20120318,123,
20120319,123,
20120320,123,
20120322,123,
20120323,123,
20120324,123,
20120325,123,
20120326,123,
20120328,123,
20120329,123,
20120330,123,
20120331,123,
20120333,123,
20120334,123,
20120335,123,
20120336,123,
20120338,123,
20120339,123,
20120340,123,
20120002,123,
20120007,123,
20120009,123,
20120010,123,
20120011,123,
20120012,123,
20120013,123,
20120014,123,
20120015,123,
20120017,123,
20120018,123,
20120019,123,
20120020,123,
20120021,123,
20120022,123,
20120023,123,
20120024,123,
20120025,123,
20120027,123,
20120028,123,
20120029,123,
20120030,123,
20120031,123,
20120032,123,
20120033,123,
20120037,123,
20120038,123,
20120040,123,
20120041,123,
20120042,123,
20120043,123,
20120044,123,
20120045,123,
20120046,123,
20120049,123,
20120050,123,
20120053,123,
20120054,123,
20120055,123,
20120056,123,
20120057,123,
20120059,123,
20120060,123,
20120061,123,
20120063,123,
20120065,123,
20120067,123,
20120068,123,
20120069,123,
20120070,123,
20120418,123,
20120420,123,
20120421,123,
20120422,123,
20120423,123,
20120424,123,
20120425,123,
20120426,123,
20120427,123,
20120428,123,
20120429,123,
20120430,123,
20120431,123,
20120433,123,
20120434,123,
20120435,123,
20120436,123,
20120437,123,
20120438,123,
20120439,123,
20120440,123,
20120441,123,
20120442,123,
20120443,123,
20120444,123,
20120445,123,
20120446,123,
20120447,123,
20120448,123,
20120449,123,
20120450,123,
20120451,123,
20120452,123,
20120454,123,
20120455,123,
20120456,123,
20120457,123,
20120458,123,
20120459,123,
20120460,123,
20120461,123,
20120462,123,
20120463,123,
20120464,123,
20120465,123,
20120466,123,
20120467,123,
20120468,123,
20120469,123,
20120470,123,
22120363,123,
22120364,123,
22120365,123,
22120366,123,
22120367,123,
22120368,123,
22120369,123,
22120370,123,
22120371,123,
22120372,123,
22120375,123,
22120376,123,
22120378,123,
22120379,123,
22120380,123,
22120381,123,
22120382,123,
22120383,123,
22120384,123,
22120385,123,
22120387,123,
22120388,123,
22120389,123,
22120391,123,
22120392,123,
22120393,123,
22120394,123,
22120395,123,
22120396,123,
22120398,123,
22120399,123,
22120400,123,
22120401,123,
22120402,123,
22120404,123,
22120407,123,
22120409,123,
22120410,123,
22120412,123,
22120413,123,
22120414,123,
22120415,123,
22120416,123,
22120417,123,
22120418,123,
22120419,123,
22120421,123,
22120422,123,
22120424,123,
22120425,123,
